Index;Name;Latitude;Longitude;Hight;Since;Comment
20046;Им.Э.Т.Кренкеля, ГМО;80.61666666666666;58.05;21;1957;
20069;Визе;79.5;76.98333333333333;10;1945;
20087;Голомянный;79.55;90.61666666666666;7;1940;
20107;Баренцбург;78.06666666666666;14.25;22;1940;
20289;Русский;77.16666666666667;96.43333333333334;9;1940;Закрыта в 1999 г..
20292;Им.Е.К.Федорова,ГМО;77.71666666666667;104.3;12;1932;
20476;Стерлегова;75.41666666666667;88.9;10;1940;
20667;Им. М.В.Попова;73.33333333333333;70.05;4;1940;
20674;Диксон;73.5;80.4;42;1916;
20744;Малые Кармакулы;72.36666666666666;52.7;18;1876;
20891;Хатанга;71.98333333333333;102.46666666666667;31;1906;12.01.1951 г. перенос на 800м к ЮЮЗ.
20946;Им. Е.К.Федорова;70.45;59.083333333333336;13;1959;
20982;Волочанка;70.96666666666667;94.5;37;1933;
21432;Котельный;76.0;137.86666666666667;10;1933;
21611;Терпяй-Тумса;73.55;118.66666666666667;12;1961;Закрыта в 1997 г..
21647;Шалаурова;73.18333333333334;143.23333333333332;21;1928;Законсервирована  в  2000 г..
21802;Саскылах;71.96666666666667;114.08333333333333;16;1935;
21824;Тикси;71.58333333333333;128.91666666666666;6;1932;
21908;Джалинда;70.13333333333334;113.96666666666667;61;1942;
21921;Кюсюр;70.68333333333334;127.4;30;1940;
21931;Юбилейная;70.76666666666667;136.21666666666667;23;1961;
21946;Чокурдах;70.61666666666666;147.88333333333333;44;1939;20.05.1955 г. перенос на 800м к ССВ.
21982;Остров Врангеля;70.98333333333333;181.51666666666668;2;1926;Переносы: в 1929г. с берега на косу (1км), в 1932г. на старое место, в 1934г. с берега на косу. 
22003;Вайда-Губа;69.93333333333334;31.983333333333334;8;1940;
22019;Полярное;69.2;33.483333333333334;32;1936;
22028;Териберка;69.2;35.11666666666667;33;1914;Перенос в 1936 г.  на 2км к С.
22095;Колгуев Северный;69.53333333333333;49.083333333333336;23;1933;
22101;Янискоски;68.96666666666667;28.783333333333335;98;1959;"1965 г.- ст. сгорела; 1969 г.- открыта в 7км  к СВ."
22113;Мурманск;68.96666666666667;33.05;57;1918;Перенос в 1934 г. на 2.5км  к Ю.
22140;Святой Нос;68.15;39.766666666666666;12;2001;
22165;Канин Нос;68.65;43.3;48;1915;
22204;Ковдор;67.56666666666666;30.45;246;1959;Перенос в 1965 г. на 1км  к СВ.
22217;Кандалакша;67.15;32.35;26;1912;Перенос в 08.1958 г. на 5км к СЗ. 
22235;Краснощелье;67.35;37.05;155;1940;
22249;Каневка;67.13333333333334;39.666666666666664;149;1959;
22271;Шойна;67.88333333333334;44.13333333333333;5;1932;
22292;Индига;67.68333333333334;48.68333333333333;3;1923;
22324;Умба;66.68333333333334;34.35;39;1940;
22355;Сосновец  остров;66.48333333333333;40.68333333333333;15;1862;
22408;Калевала;65.21666666666667;31.15;118;1940;Перенос в 1964 г. на 1км  к З.
22422;Гридино;65.9;34.766666666666666;9;1915;
22438;Жижгин;65.2;36.81666666666667;26;1859;
22471;Мезень;65.86666666666666;44.21666666666667;14;1961;
22520;Кемь-порт;64.98333333333333;34.8;7;1863;До 1917 г. ст. Кемь, город (координаты 6457-3439). С 1917 г. ст. Кемь, порт.
22550;Архангельск;64.5;40.733333333333334;8;1813;До 1.05.1920 г. работала ст.Соломбала с координатами 6435-4030. С 1.05.1920 г. – Архангельск, оп.поле в 9км от Архангельска. Перенос 12.11.1963 г. на 1.7км к В. 
22583;Койнас;64.75;47.65;63;1940;Перенос в 1924 г. из центра села на ЮВ окраину.
22602;Реболы;63.833333333333336;30.816666666666666;180;1914;Перенос 1928 г. – 1,5км к Ю
22619;Паданы;63.266666666666666;33.416666666666664;130;1961;
22641;Онега;63.9;38.11666666666667;11;1887;
22676;Сура;63.583333333333336;45.63333333333333;62;1959;
22768;Шенкурск;62.1;42.9;40;1891;
22802;Сортавала;61.71666666666667;30.716666666666665;17;1881;Перенос в 11.1948 г. на 3км к СВ.
22820;Петрозаводск;61.81666666666667;34.266666666666666;110;1949;С 1941 г. по 08.1944 г. станция не работала. Перенос в 06.1954 г. на 1км к СВ.
22837;Вытегра;61.016666666666666;36.45;55;1878;Перенос 30.09.1932 г. на 1км к СВ.
22845;Каргополь;61.516666666666666;38.93333333333333;124;1940;
22854;Няндома;61.666666666666664;40.18333333333333;232;1931;
22887;Котлас;61.266666666666666;46.71666666666667;55;1912;
22892;Выборг;60.71666666666667;28.733333333333334;10;1884;
22907;Гогланд;60.083333333333336;26.983333333333334;6;1865;
22981;Великий Устюг;60.766666666666666;46.3;93;1959;Перенос в 1955 г.  на 6км к СЗ.
23022;Амдерма;69.75;61.7;53;1940;
23032;Марресаля;69.71666666666667;66.8;24;1940;
23058;Антипаюта;69.08333333333333;76.85;2;1959;
23074;Дудинка;69.4;86.16666666666667;14;1906;
23114;Мыс Константиновский;68.55;55.5;5;1959;
23146;Мыс Каменный;68.46666666666667;73.58333333333333;2;1950;В 1994 г. Изменен статус станции на «дополнительную»
23205;Нарьян-Мар;67.63333333333334;53.03333333333333;5;1926;Переносы: 24.06.1927 г. на 2км к В, 26.08.1941 г. на 2км к ЮЗ, в 11.1947 г. на 1км к В в аэропорт.
23219;Хоседа-Хард;67.08333333333333;59.38333333333333;82;1931;
23220;Елецкая;67.05;64.06666666666666;113;1959;
23242;Новый Порт;67.68333333333334;72.88333333333334;11;1961;
23256;Тазовск;67.46666666666667;78.73333333333333;26;1932;Перенос: в 1935 г. на 2км .
23274;Игарка;67.46666666666667;86.56666666666666;20;1929;Переносы: в 1931,1938,1951,1954 гг..
23324;Петрунь;66.43333333333334;60.766666666666666;61;1940;
23330;Салехард;66.53333333333333;66.68333333333334;15;1882;Перенос: в 1973 г. на 2км.
23331;Ра-Из;66.9;65.66666666666667;895;1940;
23345;Ныда;66.63333333333334;72.93333333333334;5;1948;Перенос: в 1962 г. на 4км.
23365;Сидоровск;66.6;82.3;34;1949;Закрыта в 1997 г..
23383;Агата;66.88333333333334;93.46666666666667;277;1939;
23405;Усть-Цильма;65.43333333333334;52.266666666666666;78;1889;Переносы: в 10.1933 г. на 7км к З, 22.08.1950 г. на 3км к В.
23412;Усть-Уса;65.96666666666667;56.916666666666664;77;1940;
23418;Печора;65.11666666666666;57.1;53;1951;
23445;Надым;65.46666666666667;72.66666666666667;14;1959;Перенос: в 1963 г. на 10км.
23463;Янов Стан;65.98333333333333;84.26666666666667;41;1959;
23472;Туруханск;65.78333333333333;87.93333333333334;38;1843;
23514;Ираель;64.51666666666667;55.4;156;1959;
23527;Саранпауль;64.28333333333333;60.88333333333333;28;1940;
23552;Тарко-Сале;64.91666666666667;77.81666666666666;26;1843;Перенос: в 1958 г. на 2км.
23589;Тутончаны;64.2;93.78333333333333;105;1959;
23631;Березово;63.93333333333333;65.05;27;1834;Переносы: в 10.1969 г. на 2км к ЮЮЗ, 30.06.1983 г. на 1.5км к ЮЗ.
23656;Халесовая;63.38333333333333;78.31666666666666;66;1958;В 1993-1996 гг.. была законсервирована.   
23662;Толька;63.983333333333334;82.08333333333333;31;1947;
23678;Верхнеимбатск;63.15;87.95;46;1911;
23707;Усть-Вымь;62.233333333333334;50.416666666666664;106;1959;
23711;Троицко-Печорское;62.7;56.2;135;1888;С 02.1888 г. по 10.1892 г. на левом берегу р.Печоры, в 10.1892 г. перенос  на 1км к ЮВ, в 07.1901 г. обратно. 4.08.1932 г. на 2.5км на зап. окраину села, 12.07.1940 г. на террит. аэропорта на 3км к ЮВ, 4.03.1960 г. на 1км к В, 20.04.1965 г.  на 8км к С.
23724;Няксимволь;62.43333333333333;60.86666666666667;50;1933;Перенос  в 1935 г. на 1км  к ЮЗ.   
23734;Октябрьское;62.45;66.05;70;1904;Перенос в 1962 г. на 1.5км к  С.  
23804;Сыктывкар;61.666666666666664;50.86666666666667;116;1817;Станция Сыктывкар, город в 02.1950 г. закрылась. С 1950 г. данные станции Сыктывкар, аэропорт.
23849;Сургут;61.25;73.5;55;1884;Переносы:10.07.1939г. на 4.5-5км к В (долгота изм. на 6), 25.12.1961г. на 1.5км к ЗСЗ, в 1984г. закрылась. 
23867;Ларьяк;61.1;80.25;55;1937;
23884;Бор;61.6;90.01666666666667;62;1934;Переносы: 15.10.1957 г. на 1.5км к В, 20.10.1976 г. на 2.5км к ЮВ.
23891;Байкит;61.666666666666664;96.36666666666666;256;1934;
23904;Койгородок;60.45;50.96666666666667;124;1959;
23914;Чердынь;60.4;56.516666666666666;208;1888;
23921;Ивдель;60.68333333333333;60.45;93;1934;Перенос в 09.1959 г. на 3.5км к ЮВ.
23933;Ханты-Мансийск;61.016666666666666;69.11666666666666;46;1897;Ханты-Мансийск (Самарово) с коорд. 6058-6904 закрылась в марте 1960 г. С 25.06.1961 г. Д105анные станции Ханты-Мансийск с коорд. 6101-6902. Перенос 20.09.2006 г.,  коорд. стали: 6101-6907.
23946;Угут;60.5;74.01666666666667;47;1944;
23955;Александровское;60.43333333333333;77.86666666666666;47;1932;Переносы: 29.09.1954 г. на 1.5км к СЗ, 1.07.1959 г. на 3км к СЗ.
23966;Ванжиль-Кынак;60.35;84.08333333333333;98;1955;
23986;Северо-Енисейский;60.38333333333333;93.03333333333333;513;1941;
24076;Депутатский;69.33333333333333;139.66666666666666;282;1960;
24105;Ессей;68.46666666666667;102.36666666666666;272;1937;Законсервирована в 1994 г..
24125;Оленек;68.5;112.43333333333334;217;1935;Перенос 03.1965   на 2 км к ВСВ.
24136;Сухана;68.61666666666666;118.33333333333333;78;1938;
24143;Джарджан;68.73333333333333;124.0;38;1936;
24266;Верхоянск;67.56666666666666;133.4;136;1869;Переносы: 30.10.1940 г. на 1.5км к ССВ, 27.04.1947 г. на 2.5км к ЮЮВ в р-н аэропорта, 06.09.1999 г. из аэропорта на АЭ на 2.5-3км к ЮЗ.
24329;Шелагонцы;66.25;114.28333333333333;233;1940;
24343;Жиганск;66.76666666666667;123.4;88;1935;Перенос 4.09.1957 г. на 1км к СЗ.
24371;Усть-Чаркы;66.8;136.68333333333334;274;1942;
24382;Усть-Мома;66.45;143.23333333333332;195;1937;
24507;Тура;64.26666666666667;100.23333333333333;188;1928;Перенос 25.07.1962 г. на 500м к СВ.
24538;Чумпурук;64.23333333333333;116.91666666666667;137;1955;
24606;Кислокан;63.583333333333336;103.96666666666667;209;1951;
24641;Вилюйск;63.78333333333333;121.61666666666666;110;1863;Перенос 10.11.1956 г. на 1км к ЮВ.
24643;Хатырык-Хомо;63.95;124.83333333333333;76;1957;
24661;Сеген-Кюель;64.0;130.3;208;1940;
24671;Томпо;63.95;135.86666666666667;399;1937;
24679;Восточная;63.21666666666667;139.6;1286;1942;
24688;Оймякон;63.25;143.15;740;1930;
24713;Наканно;62.88333333333333;108.43333333333334;246;1961;
24726;Мирный;62.53333333333333;113.86666666666666;351;1959;
24738;Сунтар;62.15;117.65;131;1900;Переносы: 21.09.1960 г. на 1.5км к СВ, 10.09.1973г. на 2.5км к С.
24763;Крест-Хальджай;62.81666666666667;134.43333333333334;119;1961;
24790;Сусуман;62.78333333333333;148.16666666666666;645;1937;
24802;Стрелка Чуня;61.75;102.8;357;1940;
24817;Ербогачен;61.266666666666666;108.01666666666667;284;1936;
24908;Ванавара;60.333333333333336;102.26666666666667;259;1932;Переносы в 05.1935 г., в 1956 г., в 1957 г. без изм. коорд.
24923;Ленск;60.71666666666667;114.88333333333334;233;1940;
24933;Килеер;60.95;119.3;247;1959;
24944;Олекминск;60.4;120.41666666666667;223;1882;
24951;Исить;60.81666666666667;125.31666666666666;117;1940;Переносы: 3.10.1942 г. на 7км к ЮЗ, 4.09.1945 г. обратно, 16.10.2002 г. на 1.5км к ЗСЗ.
24959;Якутск;62.016666666666666;129.71666666666667;98;1834;Переносы в 10.1930 г. на 3км, 01.11.1964 г. на 700-800м к СЗ.
24966;Усть-Мая;60.38333333333333;134.45;169;1893;С 1914 г. до 1925 г. станция не работала. В 1925 г. возобновила работу в 7км к ЮЗ (с.Петропавловское). 1.10.1930 г. перенос обратно. 15.09.1943 г. перенос в с.Чаран (бывшее с.Петропавловское).
24967;Тегюльтя;60.46666666666667;130.0;173;1942;
24982;Уега;60.71666666666667;142.78333333333333;396;1960;
25034;Амбарчик бухта;69.61666666666666;162.3;24;1933;
25042;Остров .Айон;69.93333333333334;167.98333333333332;13;1943;
25062;Мыс Биллингс;69.88333333333334;175.76666666666668;1;1959;
25138;Островное;68.11666666666666;164.16666666666666;98;1940;
25173;Мыс Шмидта;68.9;180.63333333333333;2;1932;Перенос в 1953 г. на 7км  к В.
25206;Среднеколымск;67.45;153.71666666666667;20;1887;
25248;Илирней;67.25;167.96666666666667;352;1944;
25282;Мыс Ванкарем;67.83333333333333;184.16666666666666;3;1961;
25325;Усть-Олой;66.55;159.41666666666666;125;1943;
25356;Эньмувеем;66.38333333333334;173.33333333333334;78;1946;
25372;Амгуэма,87км;67.01666666666667;181.06666666666666;139;1955;Законсервирована в 1995 г..
25378;Эгвекинот;66.35;180.88333333333333;21;1961;
25399;Уэлен;66.16666666666667;190.16666666666666;5;1918;
25400;Зырянка;65.73333333333333;150.9;41;1935;
25428;Омолон;65.23333333333333;160.53333333333333;260;1944;
25503;Коркодон;64.75;153.96666666666667;97;1940;
25538;Верхне-Пенжино;64.21666666666667;164.23333333333332;324;1944;
25551;Марково;64.68333333333334;170.41666666666666;25;1894;Перенос в 1940 г. на 25км к В,  в 10.1942 г. обратно в Марково.
25563;Анадырь;64.78333333333333;177.56666666666666;64;1889;Переносы: в 1913 г. на 5км к ЮЗ (из п.Комбинат в п.Анадырь) и 1.12.1935 г. обратно.
25594;Бухта Провидения;64.41666666666667;186.76666666666668;25;1934;В 1938 г. перенос в р-н аэропорта (на другой берег реки), в 1940 г. в с.Урелики, в 2002 г. в аэропорт Провидения.
25621;Кедон;64.0;158.91666666666666;682;1945;Законсервирована в 2001 г..
25656;Березово;63.45;172.7;200;1944;Законсервирована в 1995 г..
25677;Беринговская;63.05;179.31666666666666;86;1961;С 1996 г. по 2006 г. наблюдения не производились.
25703;Сеймчан;62.916666666666664;152.41666666666666;206;1933;Перенос в 12.1941 г. на 1.5км к С.
25705;Среднекан;62.45;152.31666666666666;264;1933;
25744;Каменское;62.483333333333334;166.21666666666667;10;1949;Перенос 13.07.1964 г. на 7км к СВ (коорд. 62°26¢ -166°05¢),  в 11.2002 г. на 7км к ЮЗ.
25767;Хатырка;62.05;175.2;17;1961;
25777;Гавриила бухта;62.416666666666664;179.13333333333333;4;1940;Закрыта 01.07.1998.  
25912;Ола;59.56666666666667;151.28333333333333;4;1955;
25913;Магадан;59.55;150.78333333333333;115;1930;Перенос 17.02.1937 г. на 1.7км к ЮВ.
25916;Мыс Алевина;58.833333333333336;151.35;64;1961;
25922;Шелихово;60.71666666666667;155.88333333333333;34;1960;
25927;Брохово;59.65;154.26666666666668;7;1933;
25932;Тайгонос;60.68333333333333;160.4;45;1949;
25954;Корф;60.35;166.0;2;1929;
25956;Апука;60.43333333333333;169.66666666666666;3;1940;
26038;"Таллинн
(Эстония)";59.38333333333333;24.583333333333332;34;1936;Переносы в пределах аэропорта.
26063;Санкт-Петербург;59.96666666666667;30.3;3;1834;Перенос в 07.1933  г. на 5км  к ССЗ.
26069;Белогорка;59.35;30.133333333333333;88;1961;
26094;Тихвин;59.65;33.55;61;1940;
26157;Гдов;58.733333333333334;27.833333333333332;39;1961;
26188;Веребье;58.68333333333333;32.7;116;1936;Закрыта в 08.1986г.
26231;"Пярну
(Эстония)";58.36666666666667;24.5;8;1936;Перенос 7.11.1947г. на 2км к ЮЮВ.
26258;Псков ;57.81666666666667;28.333333333333332;43;1874;
26275;Старая Русса;58.016666666666666;31.316666666666666;24;1940;
26298;Бологое ;57.9;34.05;187;1928;"Переносы: 1930 г.-1км к СЗ; 1957 г.-1км к С"
26359;Пушкинские Горы;57.016666666666666;28.9;108;1961;
26406;"Лиепая
(Латвия)";56.483333333333334;21.016666666666666;7;1881;Перенос 5.07.1961г. на 5км к ЮЮВ.
26422;"Рига
(Латвия)";56.96666666666667;24.05;26;1943;
26477;Великие Луки;56.35;30.616666666666667;97;1880;
26479;Торопец;56.483333333333334;31.633333333333333;187;1923;
26499;Старица;56.5;34.93333333333333;185;1892;"Переносы: в 1941 г. на 1км к  ССВ; в 1987 г.  на 1.5км к  ЗСЗ."
26614;Советск;55.083333333333336;21.933333333333334;36;1959;
26629;"Каунас
(Литва)";54.88333333333333;23.833333333333332;77;1922;Перенос 26.05.1955г. на 6км к В.
26701;Балтийск;54.65;19.883333333333333;4;1959;
26702;Калининград ;54.7;20.616666666666667;20;1848;
26706;Железнодорожный;54.36666666666667;21.3;49;1959;
26730;"Вильнюс
(Литва)";54.63333333333333;25.1;156;1881;Перенос 14.12.1953г. на 3км к СВ. 30.05.1964г. закрыта. С 1964г. данные станции Вильнюс (АМСГ).
26781;Смоленск;54.75;32.06666666666667;236;1887;
26850;"Минск
(Беларусь)";53.93333333333333;27.633333333333333;231;1891;
26898;Брянск ;53.25;34.31666666666667;214;1928;Перенос 1946 г.-6,5км к СЗ
26976;Красная Гора;53.016666666666666;31.6;147;1940;
26997;Трубчевск;52.583333333333336;33.766666666666666;177;1930;
27008;Бабаево;59.4;35.93333333333333;136;1959;Перенос  в 1933 г. на 3.5км  к СЗ.
27037;Вологда,Прилуки;59.31666666666667;39.916666666666664;125;1891;Перенос 15.09.1959 г. на 2км к Ю.
27051;Тотьма;59.88333333333333;42.75;134;1883;Перенос  в 1939 г. на 1км  к С.         
27066;Никольск;59.53333333333333;45.46666666666667;142;1940;
27083;Опарино;59.85;48.28333333333333;179;1940;
27164;Кологрив;58.81666666666667;44.31666666666667;150;1940;
27199;Киров;58.6;49.63333333333333;157;1881;Переносы: 17.11.1936г. на 1км к ЮЗ, 15.02.1957г. на 1км к ЮЗ,  01.01.1993г. на 4.3км к ЮЗ.
27208;Максатиха;57.8;35.88333333333333;140;1926;Перенос  в 1988 г. на 1.5км  к  З.   
27225;Рыбинск,ГМО;58.1;38.7;104;1949;
27277;Ветлуга;57.85;45.766666666666666;133;1940;Перенос: в 1920 г. на 1.5км.
27296;Кумены;58.1;49.916666666666664;175;1940;
27333;Кострома;57.733333333333334;40.85;125;1842;Перенос 1.09.1992 г. на 10км к ЗЮЗ в д.Коряково.
27385;Яранск;57.36666666666667;47.916666666666664;103;1940;
27425;Переславль-Залесский;56.71666666666667;38.833333333333336;174;1921;Перенос  в 1938 г. на 1км к  ЮЮВ.
27459;Нижний Новгород;56.266666666666666;44.0;161;1835;Переносы в 05.1922 г. на 2-3км к ЮВ, в 07.1932 г. на 7км к ЮЮЗ.
27485;Йошкар-Ола;56.71666666666667;47.88333333333333;106;1961;
27509;Можайск;55.516666666666666;36.0;184;1932;
27595;Казань;55.733333333333334;49.2;116;1812;До 11.1925 г. Казань (Университет), координаты - 55°47¢ - 49°08¢. С 11.1925 г. Казань (опорная).
27612;Москва, ВДНХ;55.833333333333336;37.61666666666667;147;1948;
27625;Коломна;55.13333333333333;38.733333333333334;112;1913;
27648;Елатьма;54.95;41.766666666666666;132;1885;
27665;Лукоянов ;55.03333333333333;44.5;217;1886;
27675;Порецкое;55.18333333333333;46.333333333333336;136;1891;
27707;Сухиничи;54.1;35.35;237;1926;
27730;Рязань;54.63333333333333;39.7;155;1931;Перенос  в 1942 г. на 2км.  
27756;Краснослободск;54.43333333333333;43.766666666666666;185;1951;
27814;Плавск;53.65;37.233333333333334;240;1963;
27823;Павелец;53.78333333333333;39.25;209;1927;
27857;Земетчино;53.483333333333334;42.63333333333333;131;1880;
27872;Инза;53.85;46.416666666666664;175;1925;Перенос  в 1963 г. на 1.5км  к ЮЮЗ.  
27947;Тамбов;52.8;41.5;127;1845;"Перенос: 1957 г.-1.7км к Ю 
До 1997г. координаты 52 o44’-41 o28’, высота 160м. "
27962;Пенза;53.11666666666667;45.016666666666666;169;1850;
27995;Безенчук;52.983333333333334;49.43333333333333;45;1904;
28009;Кирс;59.36666666666667;52.21666666666667;168;1940;
28064;Леуши;59.61666666666667;65.71666666666667;70;1927;
28138;Бисер;58.516666666666666;58.85;463;1888;
28144;Верхотурье;58.86666666666667;60.78333333333333;124;1890;
28224;Пермь;58.016666666666666;56.3;171;1866;
28255;Туринск;58.05;63.68333333333333;101;1940;"Переносы: в 1956 г. на 1км  к СЗ; в 1963 г. на 2.5км  к СЗ."
28275;Тобольск;58.15;68.25;49;1884;Закрыта в 1957 г., 19.06.1957 г. открыта  Тобольск, аэрол., в наст. время Тобольск, ОГМС.
28312;Дебессы;57.63333333333333;53.81666666666667;187;1940;
28367;Тюмень;57.11666666666667;65.43333333333334;101;1950;
28402;Кильмезь;56.9;51.06666666666667;143;1940;
28411;Ижевск ;56.833333333333336;53.45;155;1933;В 1951г. – перенос на 5км к В, координаты 56 o51’-53 o18’. В 1974 г. – перенос на 10км к В, координаты 56 o50’-53 o27’. 1977 г. – перенос- 1.4км к СВ
28418;Сарапул;56.46666666666667;53.733333333333334;135;1940;Перенос  в 1970 г. на 5км  к ЮЗ.  
28419;Янаул;56.266666666666666;54.9;98;1940;
28434;Красноуфимск;56.65;57.78333333333333;205;1926;Перенос 5.11.1956 г. на 6км к С.
28440;Екатеринбург;56.833333333333336;60.63333333333333;281;1831;
28445;Верхнее Дуброво;56.733333333333334;61.06666666666667;287;1959;
28493;Тара;56.9;74.38333333333334;73;1887;Перенос в 10.1951 г. на 5км к ЮЗ. С 2.05.1960 г. данные станции Тара, ОГМС.
28506;Елабуга;55.766666666666666;52.06666666666667;90;1843;
28537;Дуван;55.7;57.9;337;1940;
28552;Шадринск;56.06666666666667;63.65;88;1894;
28561;Памятная;56.016666666666666;65.7;66;1959;
28573;Ишим;56.1;69.43333333333334;82;1925;
28624;Кушнаренково;55.13333333333333;55.35;98;1959;
28630;Златоуст;55.166666666666664;59.666666666666664;532;1936;
28661;Курган ;55.46666666666667;65.4;73;1893;"Переносы: 1942 г.-2км к СВ; 1976 г.-1,65км к ССЗ; 1994 г.-1,5км к ЮЮЗ"
28666;Макушино;55.25;67.3;138;1961;
28679;"Петропавловск
(Казахстан)";54.833333333333336;69.15;142;1890;Перенос 31.12.1935г. на 6км к СВ, 24.11.1936г. на 8км к ЮЮЗ.
28698;Омск;55.016666666666666;73.38333333333334;121;1875;До 1916 г. данные ст.Омск, город (координаты: 5458-7323). С 1916 г. до 1935 г. данные станции Омск, оп. п. (координаты: 5501-7319).  С 1935 г. – Омск, степная.
28704;Чулпаново;54.5;50.416666666666664;76;1929;
28719;Аксаково;54.03333333333333;54.18333333333333;357;1940;
28722;Уфа;54.71666666666667;55.833333333333336;104;1853;Уфа 1 до 1957 г.. Уфа,Дема с 27.06.1957 г.
28748;Троицк;54.083333333333336;61.61666666666667;192;1940;
28802;Серноводск;53.916666666666664;51.266666666666666;112;1917;Переносы: в 1915 г.  на 7км  к СВ, в 1965 г. на 1.5км к  ССЗ.
28823;Тукан;53.86666666666667;57.416666666666664;551;1959;
28825;Стерлитамак;53.583333333333336;56.0;136;1940;Перенос  в 1984 г.
28833;Верхнеуральск;53.88333333333333;59.2;401;1903;
28895;Русская Поляна;53.78333333333333;73.88333333333334;127;1959;
28900;Самара;53.25;50.21666666666667;136;1936;Перенос 1.02.1940г. на 8км к В.
28952;"Кустанай/Костонай
(Казахстан)";53.21666666666667;63.61666666666667;170;1902;Перенос в 04.1933г. на 7км к ЮВ.
29023;Напас;59.85;81.95;77;1940;
29111;Средний Васюган;59.21666666666667;78.23333333333333;68;1940;
29154;Усть-Озерное;58.88333333333333;87.75;113;1940;
29231;Колпашево;58.3;82.88333333333334;75;1925;Перенос в 1947 г. на 2км к В.
29263;Енисейск;58.45;92.15;77;1853;До 1915 г. переносилась 15 раз без изменения координат.
29282;Богучаны;58.38333333333333;97.45;131;1930;Перенос 09.12.1960 г. на 2км к СЗ.
29313;Пудино;57.56666666666667;79.43333333333334;96;1927;
29328;Бакчар;57.0;82.06666666666666;109;1934;
29348;Первомайское;57.06666666666667;86.21666666666667;114;1940;
29379;Тасеево;57.2;94.55;163;1988;
29393;Червянка;57.65;99.53333333333333;219;1959;
29418;Северное;56.333333333333336;78.36666666666666;125;1940;Перенос  в 1953 г. на 1.5км  к  СЗ.
29430;Томск ;56.5;84.91666666666667;141;1837;Перенос: 1934 г.-2км от южной окраины города
29467;Ачинск, ж.д.ст.;56.28333333333333;90.51666666666667;265;1940;Перенос  в 1956 г. на 1км к Ю.  
29539;Болотное;55.666666666666664;84.4;192;1940;Перенос  в 1956 г. на 2км к  ВЮВ.   
29541;Тайга;56.06666666666667;85.61666666666666;250;1940;Перенос  в 1936 г. на 2км . 
29557;Тисуль;55.75;88.3;210;1940;
29570;Красноярск, оп.п.;56.03333333333333;92.75;277;1914;
29580;Солянка;56.166666666666664;95.26666666666667;343;1940;
29594;Тайшет;55.95;98.0;305;1940;Перенос  в 1940 г. на 1.5км  к С.  
29605;Татарск;55.21666666666667;75.96666666666667;110;1940;Перенос  в 1935 г. на 3км к ССВ.  
29612;Барабинск;55.333333333333336;78.36666666666666;119;1900;Переносы: 31.05.1939 г. на 2-2.5км к С,  20.10.1949 г. на 4км к ЮЗ.
29638;Огурцово;54.9;82.95;131;1930;Перенос  в 1942 г. на 4км  к ЮЗ.   
29645;Кемерово;55.25;86.21666666666667;148;1955;Перенос  в 1965 г.
29664;Светлолобово;55.1;90.83333333333333;326;1958;"Переносы: в 1935 г. на 12км  к СЗ; в 1957 г. на 16км к  ЗЮЗ."
29698;Нижнеудинск;54.88333333333333;99.03333333333333;410;1941;
29752;Ненастная;54.75;88.81666666666666;1186;1932;
29789;Верхняя Гутара;54.21666666666667;96.96666666666667;983;1935;
29807;"Иртышск
(Казахстан)";53.35;75.45;94(б);1936;
29822;Камень-на-Оби;53.81666666666667;81.26666666666667;127;1940;"Переносы: в 1983 г. на 15км  к З; в 1989 г. на 10км к В."
29838;Барнаул ;53.43333333333333;83.51666666666667;183;1838;"До  1950 г..координаты: 53 o20’-83o48’,
с 1950 г. координаты: 53 o22’-83o42’
Перенос:1970 г.-8км к З"
29849;Кузедеево;53.333333333333336;87.18333333333334;293;1955;
29858;Неожиданный;53.28333333333333;89.06666666666666;527;1947;
29862;Абакан;53.766666666666666;91.31666666666666;254;1959;
29866;Минусинск;53.71666666666667;91.7;254;1885;Перенос 25.06.1990 г. на 800м к СЗ.
29915;Славгород;52.96666666666667;78.65;125;1940;
29923;Ребриха;53.083333333333336;82.33333333333333;218;1955;Перенос  в 1977 г. на 3км к  ЗСЗ.
29939;Бийск-Зональная;52.68333333333333;84.93333333333334;222;1940;Перенос  в 1990 г. на 2км  к З.  
29974;Оленья Речка;52.8;93.23333333333333;1404;1926;
29998;Орлик;52.5;99.81666666666666;1376;1934;
30028;Ика;59.28333333333333;106.16666666666667;350;1944;
30054;Витим;59.45;112.58333333333333;186;1929;
30069;Перевоз;59.0;116.91666666666667;330;1941;
30089;Джикимда;59.016666666666666;121.76666666666667;174;1940;
30209;Ершово;57.03333333333333;102.3;372;1961;
30219;Максимово;57.1;104.96666666666667;354;1940;
30230;Киренск;57.766666666666666;108.06666666666666;256;1892;Переносы: в 11.1909 г. на 1500м к В, в 06.1931 г. на наб. р.Лена, 15.08.1933 г. на правый берег р.Лена. В 09.1940 г. орг. АМСГ в 2.5-3км от прежней станции на левом берегу р.Лена, в 07.1942 г. на 1500м к ЮЮВ (правый берег).
30252;Мамакан;57.81666666666667;114.16666666666667;244;1959;
30253;Бодайбо ;57.85;114.23333333333333;278;1931;
30309;Братск;56.28333333333333;101.75;410;1901;До 1961 г. -Братск,АМСГ
30328;Орлинга;56.05;105.83333333333333;338;1932;
30337;Казачинское;56.28333333333333;107.61666666666666;355;1959;
30356;Таксимо;56.38333333333333;114.83333333333333;513;1964;
30372;Чара;56.9;118.26666666666667;709;1938;Переносы: в 09.1949 г. на 1км к СВ (коор.56 °55¢ - 118°22¢), 01.01.1969 г. на 1км к ЮЗ.
30385;Усть-Нюкжа;56.583333333333336;121.48333333333333;430;1940;
30393;Чульман ;56.833333333333336;124.86666666666666;855;1927;Переносы: 1966 г.-6км к С, 1987 г.-3км к С
30433;Нижнеангарск;55.78333333333333;109.55;477;1933;
30437;Карам;55.15;107.61666666666666;495;1943;Перенос  в 1977 г. на 1.5км.
30469;Калакан ;55.11666666666667;116.76666666666667;612;1935;
30471;Средний Калар;55.86666666666667;117.36666666666666;748;1940;
30484;Средняя Олекма;55.43333333333333;120.55;526;1959;
30493;Нагорный;55.96666666666667;124.88333333333334;860;1940;
30504;Тулун;54.6;100.63333333333334;523;1940;Перенос  в 1951 г. на 1.3км  к В.
30521;Жигалово;54.8;105.16666666666667;416;1938;Переносы: 07.09.1967 г. на 3км, 03.10.2001 г. на 3км к ЗСЗ.
30536;Баргузинский запов-к;54.333333333333336;109.53333333333333;468;1959;
30554;Багдарин;54.46666666666667;113.58333333333333;900;1936;
30555;Троицкий Прииск;54.61666666666667;113.13333333333334;1315;1938;
30565;Усть-Каренга;54.43333333333333;116.53333333333333;686;1959;
30612;Балаганск;54.0;103.06666666666666;428;1962;
30627;Баяндай;53.1;105.53333333333333;757;1961;
30632;Большой Ушканий о-в;53.85;108.58333333333333;458;1950;
30635;Усть-Баогузин;53.416666666666664;109.01666666666667;459;1933;
30636;Баргузин;53.61666666666667;109.63333333333334;488;1898;Переносы: в 03.1936 г. на 1км к СЗ, в 1952 г. на 2км к З.
30650;Романовка;53.2;112.78333333333333;920;1940;
30673;Могоча;53.75;119.73333333333333;624;1910;Перенос в 1937 г. на 1км к СЗ.
30692;Сковородино;54.0;123.96666666666667;397;1911;Перенос 1932 г.-3км к СВ
30695;Джалинда;53.46666666666667;123.9;266;1940;
30703;Инга;52.96666666666667;101.98333333333333;541;1940;
30710;Иркутск, обсерв.;52.266666666666666;104.35;467;1834;
30716;Хомутово;52.46666666666667;104.36666666666666;453;1959;
30727;Большое Голоустное;52.03333333333333;105.41666666666667;461;1940;Перенос  в 1954 г. на 2км.
30745;Сосново-Озерское;52.53333333333333;111.55;952;1940;
30758;Чита;52.083333333333336;113.48333333333333;671;1890;Перенос  1956 г. на 3км к С.  До переноса координаты : 52°03¢ - 113°29¢.
30777;Сретенск;52.233333333333334;117.7;528;1940;Перенос в 06.1941 г. на 2.5км к ЮЮЗ.
30811;Тунка;51.733333333333334;102.53333333333333;720;1961;
30815;Хамар-Дабан;51.53333333333333;103.6;1442;1936;
30822;Бабушкин;51.71666666666667;105.85;465;1940;
30823;Улан-Удэ;51.833333333333336;107.6;514;1847;
30825;Иволгинск;51.75;107.28333333333333;562;1961;
30844;Хилок;51.35;110.46666666666667;800;1940;
30859;Агинское;51.1;114.51666666666667;680;1940;
30879;Нерчинский з-д;51.31666666666667;119.61666666666666;621;1839;
30915;Цакир;50.43333333333333;103.6;984;1940;
30925;Кяхта;50.36666666666667;106.45;791;1940;
30935;Красный Чикой;50.36666666666667;108.75;770;1940;
30949;Кыра;49.56666666666667;111.96666666666667;907;1927;
30954;Мангут;49.7;112.66666666666667;807;1940;
30965;Борзя;50.4;116.51666666666667;675;1901;Перенос в 05.1953 г. на 1.2км к ССВ.
31004;Алдан;58.61666666666667;125.03333333333333;678;1926;
31026;Учур;58.733333333333334;130.61666666666667;194;1940;
31062;Югаренок;59.766666666666666;137.66666666666666;380;1945;
31088;Охотск;59.36666666666667;143.2;5;1843;
31092;Талон;59.766666666666666;148.63333333333333;19;1953;
31102;Канку;57.65;125.96666666666667;1204;1950;
31137;Токо;56.28333333333333;131.13333333333333;849;1945;
31152;Нелькан;57.65;136.15;326;1940;"Переносы: в 1945 г. на 3км к Ю; в 1956 г.-обратно."
31168;Аян;56.45;138.15;6;1891;В 10.1937 г. перенос на южную окраину пос. Аян вниз по склону.
31174;Большой Шантар;54.833333333333336;137.53333333333333;9;1940;"Переносы: в 1935 г. на 2-2.5км  к ЮВ; в 1958 г. на 2км  к СЗ."
31235;Джана;55.333333333333336;134.5;318;1959;
31253;Бомнак;54.71666666666667;128.86666666666667;365;1909;17.04.1996 г. ТДС Бомнак перенесена в п.Бомнак на 7км.
31285;Удское;54.5;134.41666666666666;62;1940;
31329;Экимчан;53.083333333333336;132.98333333333332;540;1915;
31362;Литке;53.95;140.33333333333334;22;1959;
31369;Николаевск-на-Амуре;53.15;140.7;67;1891;Переносы: до 1909 г. в пределах города, в 10.1909 г. на 0.5км к С, 17.06.1949 г. на 3км к З (в аэропорт), 22.07.1987 г. на 1км к ССЗ.
31371;Черняево;52.78333333333333;126.0;210;1940;
31388;Норск;52.35;129.91666666666666;207;1940;В 1925 г. перенос на  5км по р.Селемджа
31416;Им. Полины Осипенко;52.416666666666664;136.5;73;1911;
31436;Джаоре;52.666666666666664;141.28333333333333;5;1940;
31439;Богородское;52.38333333333333;140.46666666666667;33;1935;
31443;Мазаново;51.63333333333333;128.81666666666666;161;1940;
31459;Верхняя Томь;51.35;130.43333333333334;260;1940;Законсервирована в 1998 г..
31478;Софийский Прииск;52.266666666666666;133.98333333333332;902;1887;
31510;Благовещенск;50.25;127.5;130;1891;
31532;Чекунда;50.86666666666667;132.25;271;1934;Перенос 1979 г.-7км по течению р. Бурея
31538;Сутур;50.06666666666667;132.13333333333333;343;1940;
31562;Нижнетамбовское;50.93333333333333;138.18333333333334;20;1961;Перенос  в 1973 г. на 1км к С.  
31586;Константиновка;49.61666666666667;127.96666666666667;117;1961;
31594;Архара;49.416666666666664;130.08333333333334;133;1913;
31677;Солекуль;49.166666666666664;138.05;915;1961;
31707;Екатерино-Никольское;47.733333333333334;130.96666666666667;72;1890;
31725;Смидович;48.61666666666667;133.83333333333334;50;1959;
31733;Елабуга;48.81666666666667;135.88333333333333;62;1959;
31735;Хабаровск;48.516666666666666;135.16666666666666;75;1878;
31770;Советская Гавань;49.0;140.3;21;1940;
31788;Лермонтовка;47.15;134.33333333333334;75;1959;
31829;Золотой;47.31666666666667;138.98333333333332;27;1935;
31845;Красный Яр;46.53333333333333;135.31666666666666;128;1940;
31873;Дальнереченск;45.86666666666667;133.73333333333332;97;1909;
31895;Мельничное;45.45;135.5;331;1940;
31909;Терней;45.0;136.6;51;1925;"Переносы: 1940 г.-4км; 1975 г.-5км от побережья"
31915;Пограничный;44.4;131.38333333333333;217;1902;
31931;Свиягино;44.8;133.08333333333334;99;1938;
31959;Рудная Пристань;44.36666666666667;135.85;27;1940;"Переносы: в 1933 г. на 7км к  ЮЗ; в 1937 г. на 1км  к СВ."
31960;Владивосток;43.8;131.93333333333334;187;1917;Перенос 17.02.1959 г. на 2км к В.
31961;Тимирязевский;43.88333333333333;131.96666666666667;34;1911;"Переносы: в 1914 г. на 2.5км к  ЗСЗ; в 1920 г. на 2км  к ССВ; в 1986 г. на 2.5км к СЗ; в 1991 г. на 1.5км."
31969;Посьет;42.65;130.8;41;1940;
31989;Преображение;42.9;133.9;44;1936;
32014;Москальво;53.56666666666667;142.5;5;1940;В 1965 г. перенос на 2 км к СВ.   
32027;Погиби;52.21666666666667;141.63333333333333;6;1933;
32053;Ноглики;51.916666666666664;143.13333333333333;29;1929;"Переносы: в 1957 г. на 1.5км к  ЮЗ; в 1962 г. на 1.5км к  ЮВ."
32061;Александровск-Сахал.;50.9;142.16666666666666;30;1891;В 01.1893 г. перенос на 2км к С, в 12.1960 г. на 2км к С.
32071;Тымовское;50.733333333333334;142.71666666666667;94;1886;В 1966 г. перенос на 17 км к С.
32076;Пограничное;50.4;143.76666666666668;6;1936;
32088;Углегорск;49.06666666666667;142.03333333333333;39;1940;В 1959 г. перенос на 2 км к З.
32098;Поронайск;49.21666666666667;143.1;7;1908;
32099;Мыс Терпения;48.65;144.73333333333332;33;1949;
32121;Ильинский;47.983333333333334;142.2;17;1942;
32145;Невельск;46.666666666666664;141.86666666666667;22;1946;
32149;Мыс Крильон;45.9;142.08333333333334;34;1955;
32150;Южно-Сахалинск;46.95;142.71666666666667;22;1942;"Переносы: в 1947 г. на 2.5км  к В; в 1949 г. на 2.5км к  З."
32165;Южно-Курильск;44.016666666666666;145.86666666666667;44;1947;Перенос 1.01.1957 г. на 5км к В.
32174;Курильск;45.25;147.88333333333333;25;1950;
32213;Мыс Лопатка;50.86666666666667;156.68333333333334;48;1961;
32246;Оссора;59.3;163.16666666666666;3;1961;Перенос  в 1964 г. на 3км к Ю.
32252;Усть-Воямполка;58.5;159.16666666666666;4;1935;
32287;Усть-Хайрюзово;57.083333333333336;156.7;5;1932;
32363;Эссо;55.916666666666664;158.71666666666667;480;1941;
32389;Ключи;56.31666666666667;160.83333333333334;28;1885;
32411;Ича;55.583333333333336;155.58333333333334;8;1935;
32447;Долиновка;55.11666666666667;159.06666666666666;101;1961;Перенос в 1976 г. на 1.2км  к С.
32477;Соболево;54.3;155.93333333333334;13;1940;
32509;Семячик;54.11666666666667;159.98333333333332;28;1940;
32539;Начики;53.11666666666667;157.73333333333332;315;1940;
32547;Сосновка;53.083333333333336;158.3;40;1961;
32562;Большерецк;52.833333333333336;156.3;30;1966;
32564;Октябрьская;52.666666666666664;156.23333333333332;7;1909;Ст.Октябрьская закр. 19.12.1989г.
32583;Петропавловск-Камчатский;52.983333333333334;158.65;32;1843;Перенос 01.04.1946 г. на 2км к Ю.
32586;Петропавловский маяк;52.88333333333333;158.71666666666667;126;1940;
32618;Остров Беринга;55.2;165.98333333333332;14;1899;Перенос  в 1957 г. на 1.5км  к ЮЗ.
33008;"Брест
(Беларусь)";52.11666666666667;23.683333333333334;146;1944;Переносы:8.10.1945г. на 1.5км к ЗЮЗ(АМСГ), 1.10.1947г. обратно, 4.10.1960г. на 1км на сев. окраину города.
33038;"Василевичи
(Беларусь)";52.25;29.833333333333332;142;1881;Переносы: в 1917г. на 700м к В, в 1960г. на 1.5км к С.
33166;Рыльск;51.56666666666667;34.68333333333333;204;1959;Перенос  в 1967 г. на 2.5км  к ЮВ.
33345;"Киев
(Украина)";50.4;30.566666666666666;167;1881;
33377;"Лубны
(Украина)";50.0;33.016666666666666;158;1936;Переносы: 22.09.1943г. на западную окраину города.
33393;"Львов
(Украина)";49.81666666666667;23.95;323;1936;
33562;"Винница
(Украина)";49.233333333333334;28.6;298;1936;Переносы: 28.01.1940г. на 4.2км к СВ, с 10.04.1964г. метеонаблюдения переданы на АМСГ в 9км к В.
33631;"Ужгород
(Украина)";48.63333333333333;22.266666666666666;124;1946;
33658;"Черновцы
(Украина)";48.36666666666667;25.9;246;1941;
33815;"Кишинев
(Молдова)";47.016666666666666;28.983333333333334;173;1886;С 1886г. по 1940г. ст. находилась в 2км к СЗ от настоящего положения (при реальном училище).
33837;"Одесса
(Украина)";46.43333333333333;30.766666666666666;42;1894;
33889;"Измаил
(Украина)";45.36666666666667;28.85;30;1886;До 1946г. находилась в 5км к ЮЮЗ от нынешнего положения. С 1.01.1946г. на терр. аэропорта в 2км к ЮЗ от теперешнего положения, с 1.01.1959г. АМСГ закрыта, а наблюдения до 23.12.1960г. проводились на ст от ВМФ в 6км к ЮЮЗ от нынешней станции.
33910;"Геническ
(Украина)";46.1;34.81666666666667;15;1883;В 1910г. перенесена в порт. 1.02.1936г. перенос на 1км.
33915;"Аскания-Нова
(Украина)";46.45;33.88333333333333;30;1910;Перенос 17.03.1925г. на 1км к Ю.
33946;"Симферополь
";44.68333333333333;34.13333333333333;181;1886;
33976;"Феодосия
";45.03333333333333;35.38333333333333;26;1881;Перенос 9.06.1944г. на 1км к ССВ, в сев. часть города.
33983;"Керчь
";45.4;36.416666666666664;49;1936;
34003;Поныри;52.31666666666667;36.3;247;1959;
34009;Курск;51.766666666666666;36.166666666666664;246;1834;Перенос 29.06.1957 г. на 4км к С.
34026;Конь-Колодезь;52.15;39.15;135;1940;
34059;Росташи;51.86666666666667;43.583333333333336;161;1950;
34110;Богородицкое-Фенино;51.166666666666664;37.35;223;1890;
34123;Воронеж;51.7;39.21666666666667;147;1918;Перенос 29.05.1930 г. на 1км к З.
34139;Каменная Степь;51.05;40.7;193;1961;
34152;Балашов;51.55;43.15;157;1900;Перенос  в 1951 г. на 1.5км  к СВ.
34163;Октябрьский городок;51.63333333333333;45.45;202;1847;
34172;Саратов;51.56666666666667;45.03333333333333;151;1936;
34186;Ершов;51.36666666666667;48.3;110;1901;"Переносы: в 1938 г. на 1км к СВ; в 1987 г. на 3км к ЮВ."
34202;Готня;50.8;35.766666666666666;225;1940;Перенос  в 1955 г. на 2км к СЗ.
34240;Урюпинск;50.8;42.0;106;1940;"Переносы: в 1948 г. на 2 км  к ВСВ; в 1986 г. на 1.5 км  к  ЮВ."
34247;Калач;50.416666666666664;41.05;90;1959;Перенос  в 1961 г. на 1км к  В.
34289;Новоузенск;50.43333333333333;48.13333333333333;32;1899;
34300;"Харьков
(Украина)";49.96666666666667;36.13333333333333;155;1936;
34321;Валуйки;50.21666666666667;38.1;111;1940;Перенос  в 1935 г. на 3.5км  к  СЗ.   
34356;Фролово;49.8;43.666666666666664;117;1940;Перенос  в 1948 г. на 2.5 км к  ССВ.
34391;Александров Гай;50.15;48.55;23;1929;
34432;Чертково;49.38333333333333;40.166666666666664;145;1941;
34476;Эльтон;49.13333333333333;46.85;5;1961;
34524;"Дебальцево
Украина)";48.35;38.43333333333333;334;1936;
34561;Волгоград ;48.666666666666664;44.45;118;1836;"Перенос: 1915 г.—1км к СЗ, 1944 - 20км к ЮЗ (Бекетовка), с 1955 по 1959 – сведений о местоположении станции не сохранилось.. С 1.11.1960г. –Волгоград, схи (координаты 48 o40’- 44 o27’)
"
34579;Верхний Баскунчак;48.21666666666667;46.733333333333334;34;1940;
34646;Цимлянск(Волгодонск);47.63333333333333;42.11666666666667;64;1952;
34720;Таганрог;47.2;38.9;30;1940;Перенос  в 1985 г. на 4км к  З.
34730;Ростов-на-Дону ;47.25;39.81666666666667;88;1881;"1881-06.1988гг.. – Ростов-на-Дону, оп.ст., ГМО (координаты 47 o15’- 39 o44’),  
07.1988 –1996гг. – Ростов-на-Дону, аэропорт (координаты 47 o15’- 39 o49’),  1997-04.2006гг.-Ростов-на-Дону, М, (координаты 47 o16’- 39 o49’), с 05.2006г. – Ростов-на-Дону, аэропорт "
34740;Гигант;46.516666666666666;41.35;79;1940;Перенос  в 1970 г. на 2 км  к В.
34747;Целина;46.55;41.05;111;1936;Перерыв в работе с 1999г. по 2004г.
34759;Ремонтное;46.56666666666667;43.666666666666664;105;1959;
34824;Приморско-Ахтарск;46.03333333333333;38.15;3;1914;
34861;Элиста;46.36666666666667;44.333333333333336;155;1928;"Переносы: 1944 г.-5км к СВ (координаты 46 o19’- 44 o18’); 1970 г.-7км к СВ. "
34866;Яшкуль;46.18333333333333;45.35;-7;1928;
34880;Астрахань;46.28333333333333;47.983333333333334;-22;1837;Перенос  в 1962 г. на  11 км к  ЮЗ.
34927;Краснодар, Круглик;45.05;39.03333333333333;28;1881;
34949;Ставрополь, АМСГ;45.11666666666667;42.083333333333336;451;1914;
34984;Лагань;45.4;47.35;-23;1959;"Переносы: в 1976 г. на 4км  к ЮЗ; в 1997 г. на 3км  к С."
35007;Перелюб;51.86666666666667;50.333333333333336;72;1933;
35011;Сорочинск;52.43333333333333;53.13333333333333;122;1934;
35026;Зилаир;52.21666666666667;57.4;522;1940;
35041;Бреды;52.43333333333333;60.35;309;1940;
35078;"Атбасар
(Казахстан)";51.81666666666667;68.36666666666666;304;1936;
35108;"Уральск
(Казахстан)";51.25;51.28333333333333;37;1900;Перенос в 06.1924г. на 1.5км к З.
35121;Оренбург;51.68333333333333;55.1;115;1843;В 01.1962 г. наблюдения перенесены на ст. Оренбург, аэрол. в 5км к СВ.
35127;Акбулак;51.016666666666666;55.63333333333333;143;1927;
35133;Адамовка;51.516666666666666;59.95;285;1936;Закрыта в 1988г.
35188;"Целиноград/Астана
(Казахстан)";51.13333333333333;71.36666666666666;350;1881;
35229;"Актюбинск/Актобе
(Казахстан)";50.28333333333333;57.15;219;1904;Перенос 5.08.1937г. на 4км к Ю.
35233;Домбаровский;50.75;59.55;277;1937;
35358;"Тургай/Торгай
(Казахстан)";49.63333333333333;63.5;123;1900;
35394;"Караганда
(Казахстан)";49.8;73.15;553;1936;Переносы: 11.09.1941г. на 3км к ССВ, 16.08.1944г. на 13км к Ю.
35406;"Калмыково/Тайпак
(Казахстан)";49.05;51.86666666666667;2;1924;
35416;"Уил
(Казахстан)";49.06666666666667;54.68333333333333;128;1925;Перенос 23.11.1933г. на.800м к ВЮВ.
35542;"Иргиз
(Казахстан)";48.61666666666667;61.266666666666666;156;1936;
35576;"Кзыл-Жар/Кзылжар
(Казахстан)";48.3;69.65;361;1937;
35663;"Карсакпай
(Казахстан)";47.833333333333336;66.75;488;1926;
35700;"Гурьев/Атырау
(Казахстан)";47.11666666666667;51.916666666666664;-22;1881;
35746;"Аральское море
(Казахстан)";46.78333333333333;61.65;62;1905;Перенос 30.11.1953г. на 6км к ЮЗ.
35796;"Балхаш
(Казахстан)";46.8;75.08333333333333;350;1936;Переносы: в 06.1937г. на 8км к ЮЗ, 26.08.1941г. на 8км к ССЗ.
36034;Рубцовск;51.583333333333336;81.2;216;1924;Перенос 1955 г.-10км к СЗ
36038;Змеиногорск;51.15;82.16666666666667;354;1901;
36045;Солонешное;51.63333333333333;84.33333333333333;409;1955;Перенос  в 1963 г. на 2км к Ю.
36055;Кызыл-Озек;51.9;86.0;324;1940;
36064;Яйлю;51.766666666666666;87.6;482;1940;
36096;Кызыл;51.71666666666667;94.5;626;1943;"Переносы: в 1944 г. на 2км  к  В; в 1956 г. на 3км к В."
36099;Сосновка;51.15;94.51666666666667;947;1961;
36103;Тоора-Хем;52.46666666666667;96.1;919;1945;
36177;"Семипалатинск/Семей
(Казахстан)";50.416666666666664;80.3;196;1901;
36229;Усть-Кокса;50.266666666666666;85.61666666666666;977;1940;
36259;Кош-Агач;50.0;88.66666666666667;1759;1933;Перенос  в 1953 г. на 1км  к СВ.  
36278;Мугур-Аксы;50.38333333333333;90.43333333333334;1850;1961;
36307;Эрзин;50.266666666666666;95.11666666666666;1100;1949;
36442;Кара-Тюрек;50.03333333333333;86.45;2601;1940;
36665;"Зайсан
(Казахстан)";47.46666666666667;84.91666666666667;603;1936;
36729;"Уч-Арал
(Казахстан)";46.166666666666664;80.93333333333334;388;1936;Перенос 27.07.1955г. на 1.7км к ЮВ.
36859;"Панфилов/Жаркент
(Казахстан)";44.166666666666664;80.06666666666666;645;1917;Перенос 15.08.1935г. на 5км к ВСВ.
36870;"Алма-Ата/Алматы
(Казахстан)";43.233333333333334;76.93333333333334;851;1915;
36974;"Нарын
(Кыргызстан)";41.43333333333333;76.0;2041;1913;Перенос в 12.1960г. на 1.3км к З.
37001;Анапа,МГ;44.88333333333333;37.28333333333333;30;1959;Перенос  в 1986 г. на 2км к Ю.
37018;Туапсе;44.1;39.06666666666667;67;1903;
37031;Армавир;44.983333333333334;41.11666666666667;158;1932;Перенос 1933 г.-1км к ЮЗ, 1963 г.-6км к С
37050;Пятигорск;44.05;43.03333333333333;533;1934;Закрыта в 12.1997г.
37054;Минеральные Воды;44.233333333333334;43.06666666666667;315;1938;Перенос 1969 г.-3км к З
37061;Буденновск;44.78333333333333;44.13333333333333;134;1940;
37075;Южно-Сухокумск;44.35;45.833333333333336;18;1955;
37089;Тюлений остров;44.46666666666667;47.483333333333334;-24;1959;
37099;Сочи;43.583333333333336;39.766666666666666;57;1870;
37107;Красная Поляна;43.68333333333333;40.2;566;1961;
37112;Зеленчукская;43.86666666666667;41.56666666666667;928;1940;
37123;Кисловодск;43.9;42.71666666666667;943;1940;
37126;Шаджатмаз;43.733333333333334;42.666666666666664;2070;1949;
37196;Клухорский перевал;43.25;41.833333333333336;2037;1959;
37228;Владикавказ;43.03333333333333;44.68333333333333;702;1934;До 1974 г.  - Владикавказ, АМСГ.
37235;Грозный;43.35;45.68333333333333;162;1870;
37244;Гудермес;43.35;46.11666666666667;74;1940;
37385;"Самтредиа
(Грузия)";42.18333333333333;42.36666666666667;26;1936;Переносы: в 09.1941г. на 1.5км к С, 25.12.1961г. на 5км к ЮВ.
37461;Сулак, высокогорная;42.36666666666667;46.25;2927;1930;
37470;Дербент;42.06666666666667;48.3;-19;1886;
37471;Буйнакск;42.81666666666667;47.11666666666667;472;1881;
37472;Махачкала;42.96666666666667;47.55;28;1882;"Махачкала,порт с 1882 г. – 06.1897 г., координаты: 42°59¢-47°31¢. 
Махачкала,маяк: с 07.1897 г. по  12.1964 г., в 1962 г. перенос на 5.5км, координаты: 43°00¢-47°30¢.
С 01.1965 г. по 11.1991 г. – Махачкала,АЭ, ЮВ окраина, координаты: 42°58¢-47°32¢."
37549;"Тбилиси
(Грузия)";41.68333333333333;44.95;448;1881;Перенос 1.05.1965г. на 3км к СЗ, в Вашлиджвари.
37663;Ахты;41.46666666666667;47.75;1016;1910;
37686;"Ленинакан/Гумри
(Армения)";40.78333333333333;43.833333333333336;1512;1895;
37735;"Кировобад/Гянжа
(Азербайджан)";40.71666666666667;46.416666666666664;311;1882;Перенос 8.03.1926г. на 4км к ЮВ от ж.д.ст.
37789;"Ереван
(Армения)";40.13333333333333;44.46666666666667;1140;1885;
38198;"Туркестан
(Казахстан)";43.266666666666666;68.21666666666667;207;1882;Переносы: 26.11.1930г. на 5км к З, 23.08.1938г. на 2км к З.
38262;"Чимбай
(Узбекистан)";42.95;59.81666666666667;66;1937;Переносы: 1.10.1940г. на 4км к С, 12.04.1950г. на 4.5км к СЗ, 14.10.1955г. на 3км к В.
38353;"Бишкек
(Кыргызстан)";42.85;74.53333333333333;760;1936;Перенос в 12.1939г. на 2км к С.
38413;"Тамды
(Узбекистан)";41.733333333333334;64.61666666666666;237;1932;Переносы: в 08.1936г. на 1.5км к В, 19.12.1957г. на 2.5км к З.
38457;"Ташкент
(Узбекистан)";41.266666666666666;69.26666666666667;488;1881;
38507;"Красноводск/Туркменбаши
(Туркменистан)";40.05;53.0;82;1936;В 06.1958г. станция закрыта, с 10.1960г. возобновила работу.
38599;"Ленинабад/Худжент
(Таджикистан)";40.21666666666667;69.73333333333333;427;1936;Переносы: в 08.1940г. на 15км к Ю, в 06.1961г. на 1250м к Ю, 15.10.1966г. на 1.6км к ЗЮЗ.
38618;"Фергана
(Узбекистан)";40.36666666666667;71.75;577;1881;Переносы:  19.07.1928г. на 2.5км к ЮВ, в 01.1933г. на 2км к З.
38687;"Чарджоу/Чарджев
(Туркменистан)";39.083333333333336;63.6;190;1894;
38696;"Самарканд
(Узбекистан)";39.56666666666667;66.95;724;1936;
38750;"Гасан-Кули/Эсенгули
(Туркменистан)";37.46666666666667;53.63333333333333;-22;1926;
38763;"Кизыл-Арват/Гизыларбат
(Туркменистан)";38.983333333333334;56.28333333333333;92;1883;
38836;"Душанбе
(Таджикистан)";38.55;68.78333333333333;800;1926;Перенос 29.05.1929г. на 1км к ЮЗ.
38880;"Ашхабад/Ашгабат
(Туркменистан)";37.96666666666667;58.333333333333336;208;1937;
38895;"Байрам-Али/Байрамалы
(Туркменистан)";37.6;62.18333333333333;240;1889;
38927;"Термез
(Узбекистан)";37.233333333333334;67.26666666666667;310;1936;Перенос 10.03.1956г. на 12км к В.
38933;"Курган-Тюбе
(Таджикистан)";37.81666666666667;68.78333333333333;429;1936;Перенос  в 11.1949г. на 2км к ЗСЗ.
38954;"Хорог
(Таджикистан)";37.5;71.5;2077;1898;
38974;"Серахс/Сарагт
(Туркменистан)";36.53333333333333;61.21666666666667;275;1936;Перенос 12.06.1961г. на 2км к СВ.
38987;"Кушка/Гышгы
(Туркменистан)";35.28333333333333;62.35;625;1904;
